,user_recall,comp_recall
n_windows,22.0,22.0
mean,0.06715977403776446,0.02982393100970176
median,0.0,0.0
std,0.14333310242602784,0.10508643628402675
min,0.0,0.0
max,0.5,0.5
frac_gt0,0.36363636363636365,0.13636363636363635
